{
  "id": "/devx-democart",
  "cmd": null,
  "cpus": 0.5,
  "mem": 1028,
  "disk": 0,
  "instances": 1,
  "acceptedResourceRoles": [
    "*"
  ],
  "container": {
    "type": "DOCKER",
    "volumes": [],
    "docker": {
      "image": "qkhai20/devx:latest",
      "network": "HOST",
      "portMappings": [
        {
          "containerPort": 80,
          "hostPort": 0,
          "servicePort": 8088,
          "protocol": "tcp",
          "name": "http-frontend",
          "labels": {}
        }
      ],
      "privileged": true,
      "parameters": [],
      "forcePullImage": true
    }
  },
  "healthChecks": [
    {
      "protocol": "TCP",
      "gracePeriodSeconds": 300,
      "intervalSeconds": 60,
      "timeoutSeconds": 20,
      "maxConsecutiveFailures": 3,
      "ignoreHttp1xx": false,
      "port": 8088
    }
  ],
  "labels": {
    "HAPROXY_0_VHOST": "ELB_HOSTNAME",
    "HAPROXY_GROUP": "external",
    "lastChangedBy": "velocity-team@mesosphere.com"
  },
  "portDefinitions": [
    {
      "port": 8088,
      "protocol": "tcp",
      "name": "default",
      "labels": {}
    }
  ]
}