{
  "images" : [
	{ "name" : "HT-1010.jpg" },
	{ "name" : "HT-1030.jpg" },
	{ "name" : "HT-1032.jpg" },
	{ "name" : "HT-1040.jpg" },
	{ "name" : "HT-1052.jpg" },
	{ "name" : "HT-1063.jpg" },
	{ "name" : "HT-1071.jpg" },
	{ "name" : "HT-1072.jpg" },
	{ "name" : "HT-1073.jpg" },
	{ "name" : "HT-1111.jpg" },
	{ "name" : "HT-1112.jpg" },
	{ "name" : "HT-1114.jpg" },
	{ "name" : "HT-1138.jpg" },
	{ "name" : "HT-2027.jpg" },
	{ "name" : "HT-6100.jpg" },
	{ "name" : "HT-6100-large.jpg" },
	{ "name" : "HT-6120.jpg" },
	{ "name" : "HT-6120-large.jpg" },
	{ "name" : "HT-7777.jpg" },
	{ "name" : "HT-7777-large.jpg" }
  ]
}
