[{
        "ProductId": "HT-1000",
        "Category": "LT",
        "MainCategory": "Computer Systems",
        "SupplierName": "Very Best Screens",
        "Weight": "4.2",
        "WeightUnit": "KG",
        "ShortDescription": "Notebook Basic 15 with 2,80 GHz quad core, 15\" LCD, 4 GB DDR3 RAM, 500 GB Hard Disc, Windows 8 Pro",
        "Name": "Notebook Basic 15",
        "PictureUrl": "img/HT-1000.jpg",
        "Status": "A",
        "Price": "956",
        "DimensionWidth": "30",
        "DimensionDepth": "18",
        "DimensionHeight": "3",
        "Unit": "cm",
        "CurrencyCode": "EUR"

    },
    {
        "ProductId": "HT-1001",
        "Category": "LT",
        "MainCategory": "Computer Systems",
        "SupplierName": "Very Best Screens",
        "Weight": "4.5",
        "WeightUnit": "KG",
        "ShortDescription": "Notebook Basic 17 with 2,80 GHz quad core, 17\" LCD, 4 GB DDR3 RAM, 500 GB Hard Disc, Windows 8 Pro",
        "Name": "Notebook Basic 17",
        "PictureUrl": "img/HT-1001.jpg",
        "Status": "A",
        "Price": "1249",
        "DimensionWidth": "29",
        "DimensionDepth": "17",
        "DimensionHeight": "3.1",
        "Unit": "cm",
        "CurrencyCode": "EUR"
    },
    {
        "ProductId": "HT-1002",
        "Category": "LT",
        "MainCategory": "Computer Systems",
        "SupplierName": "Very Best Screens",
        "Weight": "4.2",
        "WeightUnit": "KG",
        "ShortDescription": "Notebook Basic 18 with 2,80 GHz quad core, 18\" LCD, 8 GB DDR3 RAM, 1000 GB Hard Disc, Windows 8 Pro",
        "Name": "Notebook Basic 18",
        "PictureUrl": "img/HT-1002.jpg",
        "Status": "A",
        "Price": "1570",
        "DimensionWidth": "28",
        "DimensionDepth": "19",
        "DimensionHeight": "2.5",
        "Unit": "cm",
        "CurrencyCode": "EUR"
    },
    {
        "ProductId": "HT-1003",
        "Category": "LT",
        "MainCategory": "Computer Systems",
        "SupplierName": "Smartcards",
        "Weight": "4.2",
        "WeightUnit": "KG",
        "ShortDescription": "Notebook Basic 19 with 2,80 GHz quad core, 19\" LCD, 8 GB DDR3 RAM, 1000 GB Hard Disc, Windows 8 Pro",
        "Name": "Notebook Basic 19",
        "PictureUrl": "img/HT-1003.jpg",
        "Status": "A",
        "Price": "1650",
        "DimensionWidth": "32",
        "DimensionDepth": "21",
        "DimensionHeight": "4",
        "Unit": "cm",
        "CurrencyCode": "EUR"
    },
    {
        "ProductId": "HT-1007",
        "Category": "AC",
        "MainCategory": "Computer Components",
        "SupplierName": "Technocom",
        "Weight": "0.2",
        "WeightUnit": "KG",
        "ShortDescription": "Digital Organizer with State-of-the-Art Storage Encryption",
        "Name": "ITelO Vault",
        "PictureUrl": "img/HT-1007.jpg",
        "Status": "D",
        "Price": "299",
        "DimensionWidth": "32",
        "DimensionDepth": "22",
        "DimensionHeight": "3",
        "Unit": "cm",
        "CurrencyCode": "EUR"
    },
    {
        "ProductId": "HT-1010",
        "Category": "AC",
        "MainCategory": "Computer Systems",
        "SupplierName": "Very Best Screens",
        "Weight": "4.3",
        "WeightUnit": "KG",
        "ShortDescription": "Notebook Professional 15 with 2,80 GHz quad core, 15\" Multitouch LCD, 8 GB DDR3 RAM, 500 GB SSD - DVD-Writer (DVD-R/+R/-RW/-RAM),Windows 8 Pro",
        "Name": "Notebook Professional 15",
        "PictureUrl": "img/HT-1010.jpg",
        "Status": "A",
        "Price": "1999",
        "DimensionWidth": "33",
        "DimensionDepth": "20",
        "DimensionHeight": "3",
        "Unit": "cm",
        "CurrencyCode": "EUR"
    },
    {
        "ProductId": "HT-1011",
        "Category": "LT",
        "MainCategory": "Computer Systems",
        "SupplierName": "Very Best Screens",
        "Weight": "4.1",
        "WeightUnit": "KG",
        "ShortDescription": "Notebook Professional 17 with 2,80 GHz quad core, 17\" Multitouch LCD, 8 GB DDR3 RAM, 500 GB SSD - DVD-Writer (DVD-R/+R/-RW/-RAM),Windows 8 Pro",
        "Name": "Notebook Professional 17",
        "PictureUrl": "img/HT-1011.jpg",
        "Status": "O",
        "Price": "2299",
        "DimensionWidth": "33",
        "DimensionDepth": "23",
        "DimensionHeight": "2",
        "Unit": "cm",
        "CurrencyCode": "EUR"
    },
    {
        "ProductId": "HT-1020",
        "Category": "AC",
        "MainCategory": "Computer Components",
        "SupplierName": "Technocom",
        "Weight": "0.16",
        "WeightUnit": "KG",
        "ShortDescription": "Digital Organizer with State-of-the-Art Encryption for Storage and Network Communications",
        "Name": "ITelO Vault Net",
        "PictureUrl": "img/HT-1020.jpg",
        "Status": "O",
        "Price": "459",
        "DimensionWidth": "10",
        "DimensionDepth": "1.8",
        "DimensionHeight": "17",
        "Unit": "cm",
        "CurrencyCode": "EUR"
    },
    {
        "ProductId": "HT-1021",
        "Category": "AC",
        "MainCategory": "Computer Components",
        "SupplierName": "Technocom",
        "Weight": "0.18",
        "WeightUnit": "KG",
        "ShortDescription": "Digital Organizer with State-of-the-Art Encryption for Storage and Secure Stellite Link",
        "Name": "ITelO Vault SAT",
        "PictureUrl": "img/HT-1021.jpg",
        "Status": "D",
        "Price": "149",
        "DimensionWidth": "11",
        "DimensionDepth": "1.7",
        "DimensionHeight": "18",
        "Unit": "cm",
        "CurrencyCode": "EUR"
    },
    {
        "ProductId": "HT-1022",
        "Category": "AC",
        "MainCategory": "Computer Components",
        "SupplierName": "Technocom",
        "Weight": "0.2",
        "WeightUnit": "KG",
        "ShortDescription": "32 GB Digital Assistant with high-resolution color screen",
        "Name": "Comfort Easy",
        "PictureUrl": "img/HT-1022.jpg",
        "Status": "A",
        "Price": "1679",
        "DimensionWidth": "84",
        "DimensionDepth": "1.5",
        "DimensionHeight": "14",
        "Unit": "cm",
        "CurrencyCode": "EUR"
    },
    {
        "ProductId": "HT-1023",
        "Category": "AC",
        "MainCategory": "Computer Components",
        "SupplierName": "Technocom",
        "Weight": "0.8",
        "WeightUnit": "KG",
        "ShortDescription": "64 GB Digital Assistant with high-resolution color screen and synthesized voice output",
        "Name": "Comfort Senior",
        "PictureUrl": "img/HT-1023.jpg",
        "Status": "A",
        "Price": "512",
        "DimensionWidth": "80",
        "DimensionDepth": "1.6",
        "DimensionHeight": "13",
        "Unit": "cm",
        "CurrencyCode": "EUR"
    },
    {
        "ProductId": "HT-1030",
        "Category": "FT",
        "MainCategory": "Computer Components",
        "SupplierName": "Very Best Screens",
        "Weight": "21",
        "WeightUnit": "KG",
        "ShortDescription": "Optimum Hi-Resolution max. 1920 x 1080 @ 85Hz, Dot Pitch: 0.27mm",
        "Name": "Ergo Screen E-I",
        "PictureUrl": "img/HT-1030.jpg",
        "Status": "D",
        "Price": "230",
        "DimensionWidth": "37",
        "DimensionDepth": "12",
        "DimensionHeight": "36",
        "Unit": "cm",
        "CurrencyCode": "EUR"
    },
    {
        "ProductId": "HT-1031",
        "Category": "FT",
        "MainCategory": "Computer Components",
        "SupplierName": "Very Best Screens",
        "Weight": "21",
        "WeightUnit": "KG",
        "ShortDescription": "Optimum Hi-Resolution max. 1920 x 1200 @ 85Hz, Dot Pitch: 0.26mm",
        "Name": "Ergo Screen E-II",
        "PictureUrl": "img/HT-1031.jpg",
        "Status": "O",
        "Price": "285",
        "DimensionWidth": "40.8",
        "DimensionDepth": "19",
        "DimensionHeight": "43",
        "Unit": "cm",
        "CurrencyCode": "EUR"
    },
    {
        "ProductId": "HT-1032",
        "Category": "FT",
        "MainCategory": "Computer Components",
        "SupplierName": "Very Best Screens",
        "Weight": "21",
        "WeightUnit": "KG",
        "ShortDescription": "Optimum Hi-Resolution max. 2560 x 1440 @ 85Hz, Dot Pitch: 0.25mm",
        "Name": "Ergo Screen E-III",
        "PictureUrl": "img/HT-1032.jpg",
        "Status": "A",
        "Price": "345",
        "DimensionWidth": "40.8",
        "DimensionDepth": "19",
        "DimensionHeight": "43",
        "Unit": "cm",
        "CurrencyCode": "EUR"
    },
    {
        "ProductId": "HT-1035",
        "Category": "FT",
        "MainCategory": "Computer Components",
        "SupplierName": "Very Best Screens",
        "Weight": "14",
        "WeightUnit": "KG",
        "ShortDescription": "Optimum Hi-Resolution max. 1600 x 1200 @ 85Hz, Dot Pitch: 0.24mm",
        "Name": "Flat Basic",
        "PictureUrl": "img/HT-1035.jpg",
        "Status": "A",
        "Price": "399",
        "DimensionWidth": "39",
        "DimensionDepth": "20",
        "DimensionHeight": "41",
        "Unit": "cm",
        "CurrencyCode": "EUR"
    },
    {
        "ProductId": "HT-1036",
        "Category": "FT",
        "MainCategory": "Computer Components",
        "SupplierName": "Very Best Screens",
        "Weight": "15",
        "WeightUnit": "KG",
        "ShortDescription": "Optimum Hi-Resolution max. 2048 x 1080 @ 85Hz, Dot Pitch: 0.26mm",
        "Name": "Flat Future",
        "PictureUrl": "img/HT-1036.jpg",
        "Status": "O",
        "Price": "430",
        "DimensionWidth": "45",
        "DimensionDepth": "26",
        "DimensionHeight": "46",
        "Unit": "cm",
        "CurrencyCode": "EUR"
    },
    {
        "ProductId": "HT-1037",
        "Category": "FT",
        "MainCategory": "Computer Components",
        "SupplierName": "Very Best Screens",
        "Weight": "17",
        "WeightUnit": "KG",
        "ShortDescription": "Optimum Hi-Resolution max. 2016 x 1512 @ 85Hz, Dot Pitch: 0.24mm",
        "Name": "Flat XL",
        "PictureUrl": "img/HT-1037.jpg",
        "Status": "A",
        "Price": "1230",
        "DimensionWidth": "54.5",
        "DimensionDepth": "22.1",
        "DimensionHeight": "39.1",
        "Unit": "cm",
        "CurrencyCode": "EUR"
    },
    {
        "ProductId": "HT-1040",
        "Category": "PR",
        "MainCategory": "SC",
        "SupplierName": "Alpha Printers",
        "Weight": "32",
        "WeightUnit": "KG",
        "ShortDescription": "Print 2400 dpi image quality color documents at speeds of up to 32 ppm (color) or 36 ppm (monochrome), letter/A4. Powerful 500 MHz processor, 512MB of memory",
        "Name": "Laser Professional Eco",
        "PictureUrl": "img/HT-1040.jpg",
        "Status": "A",
        "Price": "830",
        "DimensionWidth": "51",
        "DimensionDepth": "46",
        "DimensionHeight": "30",
        "Unit": "cm",
        "CurrencyCode": "EUR"
    },
    {
        "ProductId": "HT-1041",
        "Category": "PR",
        "MainCategory": "SC",
        "SupplierName": "Alpha Printers",
        "Weight": "23",
        "WeightUnit": "KG",
        "ShortDescription": "Up to 22 ppm color or 24 ppm monochrome A4/letter, powerful 500 MHz processor and 128MB of memory",
        "Name": "Laser Basic",
        "PictureUrl": "img/HT-1041.jpg",
        "Status": "A",
        "Price": "490",
        "DimensionWidth": "48",
        "DimensionDepth": "42",
        "DimensionHeight": "26",
        "Unit": "cm",
        "CurrencyCode": "EUR"
    },
    {
        "ProductId": "HT-1042",
        "Category": "PR",
        "MainCategory": "SC",
        "SupplierName": "Alpha Printers",
        "Weight": "17",
        "WeightUnit": "KG",
        "ShortDescription": "Print up to 25 ppm letter and 24 ppm A4 color or monochrome, with a first-page-out-time of less than 13 seconds for monochrome and less than 15 seconds for color",
        "Name": "Laser Allround",
        "PictureUrl": "img/HT-1042.jpg",
        "Status": "A",
        "Price": "349",
        "DimensionWidth": "53",
        "DimensionDepth": "50",
        "DimensionHeight": "65",
        "Unit": "cm",
        "CurrencyCode": "EUR"
    },
    {
        "ProductId": "HT-1050",
        "Category": "PR",
        "MainCategory": "SC",
        "SupplierName": "Alpha Printers",
        "Weight": "3",
        "WeightUnit": "KG",
        "ShortDescription": "4800 dpi x 1200 dpi - up to 35 ppm (mono) / up to 34 ppm (color) - capacity: 250 sheets - Hi-Speed USB, Ethernet",
        "Name": "Ultra Jet Super Color",
        "PictureUrl": "img/HT-1050.jpg",
        "Status": "A",
        "Price": "139",
        "DimensionWidth": "41",
        "DimensionDepth": "41",
        "DimensionHeight": "28",
        "Unit": "cm",
        "CurrencyCode": "EUR"
    },
    {
        "ProductId": "HT-1051",
        "Category": "PR",
        "MainCategory": "SC",
        "SupplierName": "Printer for All",
        "Weight": "1.9",
        "WeightUnit": "KG",
        "ShortDescription": "1000 dpi x 1000 dpi - up to 35 ppm (mono) / up to 34 ppm (color) - capacity: 250 sheets - Hi-Speed USB - excellent dimensions for the small office",
        "Name": "Ultra Jet Mobile",
        "PictureUrl": "img/HT-1051.jpg",
        "Status": "A",
        "Price": "99",
        "DimensionWidth": "46",
        "DimensionDepth": "32",
        "DimensionHeight": "25",
        "Unit": "cm",
        "CurrencyCode": "EUR"
    },
    {
        "ProductId": "HT-1052",
        "Category": "PR",
        "MainCategory": "SC",
        "SupplierName": "Printer for All",
        "Weight": "18",
        "WeightUnit": "KG",
        "ShortDescription": "4800 dpi x 1200 dpi - up to 35 ppm (mono) / up to 34 ppm (color) - capacity: 250 sheets - Hi-Speed USB2.0, Ethernet",
        "Name": "Ultra Jet Super Highspeed",
        "PictureUrl": "img/HT-1052.jpg",
        "Status": "A",
        "Price": "170",
        "DimensionWidth": "41",
        "DimensionDepth": "41",
        "DimensionHeight": "28",
        "Unit": "cm",
        "CurrencyCode": "EUR"
    },
    {
        "ProductId": "HT-1055",
        "Category": "PR",
        "MainCategory": "SC",
        "SupplierName": "Printer for All",
        "Weight": "6.3",
        "WeightUnit": "KG",
        "ShortDescription": "1000 dpi x 1000 dpi - up to 16 ppm (mono) / up to 15 ppm (color)- capacity 80 sheets - scanner (216 x 297 mm, 1200dpi x 2400dpi)",
        "Name": "Multi Print",
        "PictureUrl": "img/HT-1055.jpg",
        "Status": "A",
        "Price": "99",
        "DimensionWidth": "55",
        "DimensionDepth": "45",
        "DimensionHeight": "29",
        "Unit": "cm",
        "CurrencyCode": "EUR"
    },
    {
        "ProductId": "HT-1056",
        "Category": "PR",
        "MainCategory": "SC",
        "SupplierName": "Printer for All",
        "Weight": "4.3",
        "WeightUnit": "KG",
        "ShortDescription": "1200 dpi x 1200 dpi - up to 25 ppm (mono) / up to 24 ppm (color)- capacity 80 sheets - scanner (216 x 297 mm, 2400dpi x 4800dpi, high resolution)",
        "Name": "Multi Color",
        "PictureUrl": "img/HT-1056.jpg",
        "Status": "A",
        "Price": "119",
        "DimensionWidth": "51",
        "DimensionDepth": "41.3",
        "DimensionHeight": "22",
        "Unit": "cm",
        "CurrencyCode": "EUR"
    },
    {
        "ProductId": "HT-1060",
        "Category": "MI",
        "MainCategory": "Computer Components",
        "SupplierName": "Oxynum",
        "Weight": "0.09",
        "WeightUnit": "KG",
        "ShortDescription": "Cordless Optical USB MI, Laptop, Color: Black, Plug&Play",
        "Name": "Cordless Mouse",
        "PictureUrl": "img/HT-1060.jpg",
        "Status": "O",
        "Price": "9",
        "DimensionWidth": "6",
        "DimensionDepth": "14.5",
        "DimensionHeight": "3.5",
        "Unit": "cm",
        "CurrencyCode": "EUR"
    },
    {
        "ProductId": "HT-1061",
        "Category": "MI",
        "MainCategory": "Computer Components",
        "SupplierName": "Oxynum",
        "Weight": "0.09",
        "WeightUnit": "KG",
        "ShortDescription": "Optical USB, PS/2 Mouse, Color: Blue, 3-button-functionality (incl. Scroll wheel)",
        "Name": "Speed Mouse",
        "PictureUrl": "img/HT-1061.jpg",
        "Status": "D",
        "Price": "7",
        "DimensionWidth": "7",
        "DimensionDepth": "15",
        "DimensionHeight": "3.1",
        "Unit": "cm",
        "CurrencyCode": "EUR"
    },
    {
        "ProductId": "HT-1062",
        "Category": "MI",
        "MainCategory": "Computer Components",
        "SupplierName": "Oxynum",
        "Weight": "0.03",
        "WeightUnit": "KG",
        "ShortDescription": "Optical USB Mouse, Color: Red, 5-button-functionality(incl. Scroll wheel), Plug&Play",
        "Name": "Track Mouse",
        "PictureUrl": "img/HT-1062.jpg",
        "Status": "O",
        "Price": "11",
        "DimensionWidth": "3",
        "DimensionDepth": "7",
        "DimensionHeight": "4",
        "Unit": "cm",
        "CurrencyCode": "EUR"
    },
    {
        "ProductId": "HT-1063",
        "Category": "KB",
        "MainCategory": "Computer Components",
        "SupplierName": "Oxynum",
        "Weight": "2.1",
        "WeightUnit": "KG",
        "ShortDescription": "Ergonomic USB Keyboard for Desktop, Plug&Play",
        "Name": "Ergonomic Keyboard",
        "PictureUrl": "img/HT-1063.jpg",
        "Status": "D",
        "Price": "14",
        "DimensionWidth": "50",
        "DimensionDepth": "21",
        "DimensionHeight": "3.5",
        "Unit": "cm",
        "CurrencyCode": "EUR"
    },
    {
        "ProductId": "HT-1064",
        "Category": "KB",
        "MainCategory": "Computer Components",
        "SupplierName": "Oxynum",
        "Weight": "1.8",
        "WeightUnit": "KG",
        "ShortDescription": "Corded Keyboard with special keys for Internet Usability, USB",
        "Name": "Internet Keyboard",
        "PictureUrl": "img/HT-1064.jpg",
        "Status": "A",
        "Price": "16",
        "DimensionWidth": "52",
        "DimensionDepth": "25",
        "DimensionHeight": "3",
        "Unit": "cm",
        "CurrencyCode": "EUR"
    },
    {
        "ProductId": "HT-1065",
        "Category": "KB",
        "MainCategory": "Computer Components",
        "SupplierName": "Oxynum",
        "Weight": "2.3",
        "WeightUnit": "KG",
        "ShortDescription": "Corded Ergonomic Keyboard with special keys for Media Usability, USB",
        "Name": "Media Keyboard",
        "PictureUrl": "img/HT-1065.jpg",
        "Status": "A",
        "Price": "26",
        "DimensionWidth": "51.4",
        "DimensionDepth": "23",
        "DimensionHeight": "4",
        "Unit": "cm",
        "CurrencyCode": "EUR"
    },
    {
        "ProductId": "HT-1066",
        "Category": "MI",
        "MainCategory": "Computer Components",
        "SupplierName": "Oxynum",
        "Weight": "80",
        "WeightUnit": "G",
        "ShortDescription": "Nice mouse pad with ITelO Logo",
        "Name": "Mousepad",
        "PictureUrl": "img/HT-1066.jpg",
        "Status": "A",
        "Price": "6.99",
        "DimensionWidth": "15",
        "DimensionDepth": "6",
        "DimensionHeight": "0.2",
        "Unit": "cm",
        "CurrencyCode": "EUR"
    },
    {
        "ProductId": "HT-1067",
        "Category": "MI",
        "MainCategory": "Computer Components",
        "SupplierName": "Oxynum",
        "Weight": "80",
        "WeightUnit": "G",
        "ShortDescription": "Ergonomic mouse pad with ITelO Logo",
        "Name": "Ergo Mousepad",
        "PictureUrl": "img/HT-1067.jpg",
        "Status": "O",
        "Price": "8.99",
        "DimensionWidth": "15",
        "DimensionDepth": "6",
        "DimensionHeight": "0.2",
        "Unit": "cm",
        "CurrencyCode": "EUR"
    },
    {
        "ProductId": "HT-1068",
        "Category": "MI",
        "MainCategory": "Computer Components",
        "SupplierName": "Fasttech",
        "Weight": "90",
        "WeightUnit": "G",
        "ShortDescription": "ITelO Mousepad Special Edition",
        "Name": "Designer Mousepad",
        "PictureUrl": "img/HT-1068.jpg",
        "Status": "A",
        "Price": "12.99",
        "DimensionWidth": "24",
        "DimensionDepth": "24",
        "DimensionHeight": "0.6",
        "Unit": "cm",
        "CurrencyCode": "EUR"
    },
    {
        "ProductId": "HT-1069",
        "Category": "CSA",
        "MainCategory": "Computer Systems",
        "SupplierName": "Fasttech",
        "Weight": "45",
        "WeightUnit": "G",
        "ShortDescription": "Universal card reader",
        "Name": "Universal card reader",
        "PictureUrl": "img/HT-1069.jpg",
        "Status": "O",
        "Price": "14",
        "DimensionWidth": "6",
        "DimensionDepth": "6",
        "DimensionHeight": "3",
        "Unit": "cm",
        "CurrencyCode": "EUR"
    },
    {
        "ProductId": "HT-1070",
        "Category": "GC",
        "MainCategory": "Computer Components",
        "SupplierName": "Ultrasonic United",
        "Weight": "0.255",
        "WeightUnit": "KG",
        "ShortDescription": "Proctra X: PCI-E GDDR5 3072MB",
        "Name": "Proctra X",
        "PictureUrl": "img/HT-1070.jpg",
        "Status": "A",
        "Price": "70.9",
        "DimensionWidth": "22",
        "DimensionDepth": "35",
        "DimensionHeight": "17",
        "Unit": "cm",
        "CurrencyCode": "EUR"
    },
    {
        "ProductId": "HT-1071",
        "Category": "GC",
        "MainCategory": "Computer Components",
        "SupplierName": "Ultrasonic United",
        "Weight": "0.3",
        "WeightUnit": "KG",
        "ShortDescription": "Gladiator XLN: PCI-E GDDR5 3072MB DVI Out, TV Out low-noise",
        "Name": "Gladiator MX",
        "PictureUrl": "img/HT-1071.jpg",
        "Status": "A",
        "Price": "81.7",
        "DimensionWidth": "22",
        "DimensionDepth": "35",
        "DimensionHeight": "17",
        "Unit": "cm",
        "CurrencyCode": "EUR"
    },
    {
        "ProductId": "HT-1072",
        "Category": "GC",
        "MainCategory": "Computer Components",
        "SupplierName": "Ultrasonic United",
        "Weight": "0.4",
        "WeightUnit": "KG",
        "ShortDescription": "Hurricane GX: PCI-E 691 GFLOPS game-optimized",
        "Name": "Hurricane GX",
        "PictureUrl": "img/HT-1072.jpg",
        "Status": "A",
        "Price": "101.2",
        "DimensionWidth": "22",
        "DimensionDepth": "35",
        "DimensionHeight": "17",
        "Unit": "cm",
        "CurrencyCode": "EUR"
    },
    {
        "ProductId": "HT-1073",
        "Category": "GC",
        "MainCategory": "Computer Components",
        "SupplierName": "Smartcards",
        "Weight": "0.4",
        "WeightUnit": "KG",
        "ShortDescription": "Hurricane GX/LN: PCI-E 691 GFLOPS game-optimized, low-noise.",
        "Name": "Hurricane GX/LN",
        "PictureUrl": "img/HT-1073.jpg",
        "Status": "A",
        "Price": "139.99",
        "DimensionWidth": "22",
        "DimensionDepth": "35",
        "DimensionHeight": "17",
        "Unit": "cm",
        "CurrencyCode": "EUR"
    },
    {
        "ProductId": "HT-1080",
        "Category": "SC",
        "MainCategory": "Printers and Scanners",
        "SupplierName": "Printer for All",
        "Weight": "2.3",
        "WeightUnit": "KG",
        "ShortDescription": "Flatbed scanner - 9.600 × 9.600 dpi - 216 x 297 mm - Hi-Speed USB - Bluetooth",
        "Name": "Photo Scan",
        "PictureUrl": "img/HT-1080.jpg",
        "Status": "A",
        "Price": "129",
        "DimensionWidth": "34",
        "DimensionDepth": "48",
        "DimensionHeight": "5",
        "Unit": "cm",
        "CurrencyCode": "EUR"
    },
    {
        "ProductId": "HT-1081",
        "Category": "SC",
        "MainCategory": "Printers and Scanners",
        "SupplierName": "Printer for All",
        "Weight": "2.4",
        "WeightUnit": "KG",
        "ShortDescription": "Flatbed scanner - 9.600 × 9.600 dpi - 216 x 297 mm - SCSI for backward compatibility",
        "Name": "Power Scan",
        "PictureUrl": "img/HT-1081.jpg",
        "Status": "A",
        "Price": "89",
        "DimensionWidth": "31",
        "DimensionDepth": "43",
        "DimensionHeight": "7",
        "Unit": "cm",
        "CurrencyCode": "EUR"
    },
    {
        "ProductId": "HT-1082",
        "Category": "SC",
        "MainCategory": "Printers and Scanners",
        "SupplierName": "Printer for All",
        "Weight": "3.2",
        "WeightUnit": "KG",
        "ShortDescription": "Flatbed scanner - Letter - 2400 dpi x 2400 dpi - 216 x 297 mm - add-on module",
        "Name": "Jet Scan Professional",
        "PictureUrl": "img/HT-1082.jpg",
        "Status": "A",
        "Price": "169",
        "DimensionWidth": "33",
        "DimensionDepth": "41",
        "DimensionHeight": "12",
        "Unit": "cm",
        "CurrencyCode": "EUR"
    },
    {
        "ProductId": "HT-1083",
        "Category": "SC",
        "MainCategory": "Printers and Scanners",
        "SupplierName": "Printer for All",
        "Weight": "3.2",
        "WeightUnit": "KG",
        "ShortDescription": "Flatbed scanner - A4 - 2400 dpi x 2400 dpi - 216 x 297 mm - add-on module",
        "Name": "Jet Scan Professional",
        "PictureUrl": "img/HT-1083.jpg",
        "Status": "A",
        "Price": "189",
        "DimensionWidth": "35",
        "DimensionDepth": "40",
        "DimensionHeight": "10",
        "Unit": "cm",
        "CurrencyCode": "EUR"
    },
    {
        "ProductId": "HT-1085",
        "Category": "PR",
        "MainCategory": "SC",
        "SupplierName": "Alpha Printers",
        "Weight": "23.2",
        "WeightUnit": "KG",
        "ShortDescription": "Copymaster",
        "Name": "Copymaster",
        "PictureUrl": "img/HT-1085.jpg",
        "Status": "A",
        "Price": "1499",
        "DimensionWidth": "45",
        "DimensionDepth": "42",
        "DimensionHeight": "22",
        "Unit": "cm",
        "CurrencyCode": "EUR"
    },
    {
        "ProductId": "HT-1090",
        "Category": "SP",
        "MainCategory": "Computer Components",
        "SupplierName": "Speaker Experts",
        "Weight": "3",
        "WeightUnit": "KG",
        "ShortDescription": "PC multimedia speakers - 5 Watt (Total)",
        "Name": "Surround Sound",
        "PictureUrl": "img/HT-1090.jpg",
        "Status": "A",
        "Price": "39",
        "DimensionWidth": "12",
        "DimensionDepth": "10",
        "DimensionHeight": "16",
        "Unit": "cm",
        "CurrencyCode": "EUR"
    },
    {
        "ProductId": "HT-1091",
        "Category": "SP",
        "MainCategory": "Computer Components",
        "SupplierName": "Speaker Experts",
        "Weight": "1.4",
        "WeightUnit": "KG",
        "ShortDescription": "PC multimedia speakers - 10 Watt (Total) - 2-way",
        "Name": "Blaster Extreme",
        "PictureUrl": "img/HT-1091.jpg",
        "Status": "A",
        "Price": "26",
        "DimensionWidth": "13",
        "DimensionDepth": "11",
        "DimensionHeight": "17.5",
        "Unit": "cm",
        "CurrencyCode": "EUR"
    },
    {
        "ProductId": "HT-1092",
        "Category": "SP",
        "MainCategory": "Computer Components",
        "SupplierName": "Speaker Experts",
        "Weight": "2.1",
        "WeightUnit": "KG",
        "ShortDescription": "PC multimedia speakers - optimized for Blutooth/A2DP",
        "Name": "Sound Booster",
        "PictureUrl": "img/HT-1092.jpg",
        "Status": "A",
        "Price": "45",
        "DimensionWidth": "12.4",
        "DimensionDepth": "10.4",
        "DimensionHeight": "18.1",
        "Unit": "cm",
        "CurrencyCode": "EUR"
    },
    {
        "ProductId": "HT-1100",
        "Category": "SW",
        "MainCategory": "Software",
        "SupplierName": "Technocom",
        "Weight": "1.2",
        "WeightUnit": "KG",
        "ShortDescription": "Complete package, 1 User, Office Applications (word processing, spreadsheet, presentations)",
        "Name": "Smart Office",
        "PictureUrl": "img/HT-1100.jpg",
        "Status": "D",
        "Price": "89.9",
        "DimensionWidth": "15",
        "DimensionDepth": "6.5",
        "DimensionHeight": "2.1",
        "Unit": "cm",
        "CurrencyCode": "EUR"
    },
    {
        "ProductId": "HT-1101",
        "Category": "SW",
        "MainCategory": "Software",
        "SupplierName": "Technocom",
        "Weight": "0.8",
        "WeightUnit": "KG",
        "ShortDescription": "Complete package, 1 User, Image editing, processing",
        "Name": "Smart Design",
        "PictureUrl": "img/HT-1101.jpg",
        "Status": "O",
        "Price": "79.9",
        "DimensionWidth": "14",
        "DimensionDepth": "6.7",
        "DimensionHeight": "24",
        "Unit": "cm",
        "CurrencyCode": "EUR"
    },
    {
        "ProductId": "HT-1102",
        "Category": "SW",
        "MainCategory": "Software",
        "SupplierName": "Technocom",
        "Weight": "0.8",
        "WeightUnit": "KG",
        "ShortDescription": "Complete package, 1 User, Network Software Utilities, Useful Applications and Documentation",
        "Name": "Smart Network",
        "PictureUrl": "img/HT-1102.jpg",
        "Status": "A",
        "Price": "69",
        "DimensionWidth": "16",
        "DimensionDepth": "6",
        "DimensionHeight": "27",
        "Unit": "cm",
        "CurrencyCode": "EUR"
    },
    {
        "ProductId": "HT-1103",
        "Category": "SW",
        "MainCategory": "Software",
        "SupplierName": "Technocom",
        "Weight": "0.8",
        "WeightUnit": "KG",
        "ShortDescription": "Complete package, 1 User, different Multimedia applications, playing music, watching DVDs, only with this Smart package",
        "Name": "Smart Multimedia",
        "PictureUrl": "img/HT-1103.jpg",
        "Status": "A",
        "Price": "77",
        "DimensionWidth": "11",
        "DimensionDepth": "3.4",
        "DimensionHeight": "22",
        "Unit": "cm",
        "CurrencyCode": "EUR"
    },
    {
        "ProductId": "HT-1104",
        "Category": "SW",
        "MainCategory": "Software",
        "SupplierName": "Technocom",
        "Weight": "1.1",
        "WeightUnit": "KG",
        "ShortDescription": "Complete package, 1 User, various games for amusement, logic, action, jump&run",
        "Name": "Smart Games",
        "PictureUrl": "img/HT-1104.jpg",
        "Status": "O",
        "Price": "55",
        "DimensionWidth": "10",
        "DimensionDepth": "3",
        "DimensionHeight": "30",
        "Unit": "cm",
        "CurrencyCode": "EUR"
    },
    {
        "ProductId": "HT-1105",
        "Category": "SW",
        "MainCategory": "Software",
        "SupplierName": "Brainsoft",
        "Weight": "0.7",
        "WeightUnit": "KG",
        "ShortDescription": "Complete package, 1 User, highly recommended for internet users as anti-virus protection",
        "Name": "Smart Internet Antivirus",
        "PictureUrl": "img/HT-1105.jpg",
        "Status": "A",
        "Price": "29",
        "DimensionWidth": "16",
        "DimensionDepth": "4",
        "DimensionHeight": "21",
        "Unit": "cm",
        "CurrencyCode": "EUR"
    },
    {
        "ProductId": "HT-1106",
        "Category": "SW",
        "MainCategory": "Software",
        "SupplierName": "Brainsoft",
        "Weight": "0.9",
        "WeightUnit": "KG",
        "ShortDescription": "Complete package, 1 User, recommended for internet users, protect your PC against cyber-crime",
        "Name": "Smart Firewall",
        "PictureUrl": "img/HT-1106.jpg",
        "Status": "A",
        "Price": "34",
        "DimensionWidth": "17.9",
        "DimensionDepth": "4.2",
        "DimensionHeight": "23.1",
        "Unit": "cm",
        "CurrencyCode": "EUR"
    },
    {
        "ProductId": "HT-1107",
        "Category": "SW",
        "MainCategory": "Software",
        "SupplierName": "Brainsoft",
        "Weight": "0.5",
        "WeightUnit": "KG",
        "ShortDescription": "Complete package, 1 User, bring your money in your mind, see what you have and what you want",
        "Name": "Smart Money",
        "PictureUrl": "img/HT-1107.jpg",
        "Status": "D",
        "Price": "29.9",
        "DimensionWidth": "12",
        "DimensionDepth": "1.5",
        "DimensionHeight": "19",
        "Unit": "cm",
        "CurrencyCode": "EUR"
    },
    {
        "ProductId": "HT-1110",
        "Category": "CSA",
        "MainCategory": "Computer Systems",
        "SupplierName": "Red Point Stores",
        "Weight": "0.03",
        "WeightUnit": "KG",
        "ShortDescription": "Robust 3m anti-burglary protection for your laptop computer",
        "Name": "PC Lock",
        "PictureUrl": "img/HT-1110.jpg",
        "Status": "A",
        "Price": "8.9",
        "DimensionWidth": "20",
        "DimensionDepth": "8",
        "DimensionHeight": "4.3",
        "Unit": "cm",
        "CurrencyCode": "EUR"
    },
    {
        "ProductId": "HT-1111",
        "Category": "CSA",
        "MainCategory": "Computer Systems",
        "SupplierName": "Red Point Stores",
        "Weight": "0.02",
        "WeightUnit": "KG",
        "ShortDescription": "Robust 1m anti-burglary protection for your desktop computer",
        "Name": "Notebook Lock",
        "PictureUrl": "img/HT-1111.jpg",
        "Status": "A",
        "Price": "6.9",
        "DimensionWidth": "31",
        "DimensionDepth": "9",
        "DimensionHeight": "7",
        "Unit": "cm",
        "CurrencyCode": "EUR"
    },
    {
        "ProductId": "HT-1112",
        "Category": "CSA",
        "MainCategory": "Computer Systems",
        "SupplierName": "Red Point Stores",
        "Weight": "0.075",
        "WeightUnit": "KG",
        "ShortDescription": "Color webcam, color, High-Speed USB",
        "Name": "Web cam reality",
        "PictureUrl": "img/HT-1112.jpg",
        "Status": "A",
        "Price": "39",
        "DimensionWidth": "9",
        "DimensionDepth": "8.2",
        "DimensionHeight": "1.3",
        "Unit": "cm",
        "CurrencyCode": "EUR"
    },
    {
        "ProductId": "HT-1113",
        "Category": "CSA",
        "MainCategory": "Computer Systems",
        "SupplierName": "Red Point Stores",
        "Weight": "0.05",
        "WeightUnit": "KG",
        "ShortDescription": "10 separately packed screen wipes",
        "Name": "Screen clean",
        "PictureUrl": "img/HT-1113.jpg",
        "Status": "A",
        "Price": "2.3",
        "DimensionWidth": "2",
        "DimensionDepth": "2",
        "DimensionHeight": "0.1",
        "Unit": "cm",
        "CurrencyCode": "EUR"
    },
    {
        "ProductId": "HT-1114",
        "Category": "CSA",
        "MainCategory": "Computer Systems",
        "SupplierName": "Red Point Stores",
        "Weight": "1.8",
        "WeightUnit": "KG",
        "ShortDescription": "Notebook bag, plenty of room for stationery and writing materials",
        "Name": "Fabric bag professional",
        "PictureUrl": "img/HT-1114.jpg",
        "Status": "A",
        "Price": "31",
        "DimensionWidth": "42",
        "DimensionDepth": "32",
        "DimensionHeight": "7",
        "Unit": "cm",
        "CurrencyCode": "EUR"
    },
    {
        "ProductId": "HT-1115",
        "Category": "TC",
        "MainCategory": "Computer Components",
        "SupplierName": "Red Point Stores",
        "Weight": "0.45",
        "WeightUnit": "KG",
        "ShortDescription": "Wireless DSL Router (available in blue, black and silver)",
        "Name": "Wireless DSL Router",
        "PictureUrl": "img/HT-1115.jpg",
        "Status": "O",
        "Price": "49",
        "DimensionWidth": "19.3",
        "DimensionDepth": "18",
        "DimensionHeight": "5",
        "Unit": "cm",
        "CurrencyCode": "EUR"
    },
    {
        "ProductId": "HT-1116",
        "Category": "TC",
        "MainCategory": "Computer Components",
        "SupplierName": "Red Point Stores",
        "Weight": "0.45",
        "WeightUnit": "KG",
        "ShortDescription": "Wireless DSL Router / Repeater (available in blue, black and silver)",
        "Name": "Wireless DSL Router / Repeater",
        "PictureUrl": "img/HT-1116.jpg",
        "Status": "A",
        "Price": "59",
        "DimensionWidth": "19.3",
        "DimensionDepth": "18",
        "DimensionHeight": "5",
        "Unit": "cm",
        "CurrencyCode": "EUR"
    },
    {
        "ProductId": "HT-1117",
        "Category": "TC",
        "MainCategory": "Computer Components",
        "SupplierName": "Technocom",
        "Weight": "0.45",
        "WeightUnit": "KG",
        "ShortDescription": "Wireless DSL Router / Repeater and Print Server (available in blue, black and silver)",
        "Name": "Wireless DSL Router / Repeater and Print Server",
        "PictureUrl": "img/HT-1117.jpg",
        "Status": "O",
        "Price": "69",
        "DimensionWidth": "19.3",
        "DimensionDepth": "18",
        "DimensionHeight": "5",
        "Unit": "cm",
        "CurrencyCode": "EUR"
    },
    {
        "ProductId": "HT-1118",
        "Category": "CSA",
        "MainCategory": "Computer Systems",
        "SupplierName": "Technocom",
        "Weight": "0.015",
        "WeightUnit": "KG",
        "ShortDescription": "USB 2.0 High-Speed 64 GB",
        "Name": "USB Stick",
        "PictureUrl": "img/HT-1118.jpg",
        "Status": "A",
        "Price": "35",
        "DimensionWidth": "1.5",
        "DimensionDepth": "8.7",
        "DimensionHeight": "1.2",
        "Unit": "cm",
        "CurrencyCode": "EUR"
    },
    {
        "ProductId": "HT-1120",
        "Category": "KB",
        "MainCategory": "Computer Components",
        "SupplierName": "Technocom",
        "Weight": "1",
        "WeightUnit": "KG",
        "ShortDescription": "Cordless Bluetooth Keyboard with English keys",
        "Name": "Cordless Bluetooth Keyboard, english international",
        "PictureUrl": "img/HT-1120.jpg",
        "Status": "A",
        "Price": "29",
        "DimensionWidth": "51.4",
        "DimensionDepth": "23",
        "DimensionHeight": "4",
        "Unit": "cm",
        "CurrencyCode": "EUR"
    },
    {
        "ProductId": "HT-1137",
        "Category": "FS",
        "MainCategory": "Computer Components",
        "SupplierName": "Technocom",
        "Weight": "18",
        "WeightUnit": "KG",
        "ShortDescription": "Optimum Hi-Resolution max. 2048 × 1536 @ 85Hz, Dot Pitch: 0.24mm",
        "Name": "Flat XXL",
        "PictureUrl": "img/HT-1137.jpg",
        "Status": "A",
        "Price": "1430",
        "DimensionWidth": "54",
        "DimensionDepth": "22",
        "DimensionHeight": "38",
        "Unit": "cm",
        "CurrencyCode": "EUR"
    },
    {
        "ProductId": "HT-1138",
        "Category": "MI",
        "MainCategory": "Computer Components",
        "SupplierName": "Technocom",
        "Weight": "0.02",
        "WeightUnit": "KG",
        "ShortDescription": "Portable pocket Mouse with retracting cord",
        "Name": "Pocket Mouse",
        "PictureUrl": "img/HT-1138.jpg",
        "Status": "A",
        "Price": "23",
        "DimensionWidth": "0.3",
        "DimensionDepth": "0.5",
        "DimensionHeight": "1",
        "Unit": "cm",
        "CurrencyCode": "EUR"
    },
    {
        "ProductId": "HT-1210",
        "Category": "DC",
        "MainCategory": "Computer Systems",
        "SupplierName": "Technocom",
        "Weight": "2.3",
        "WeightUnit": "KG",
        "ShortDescription": "PC Power Station with 3,4 Ghz quad-core, 32 GB DDR3 SDRAM, feels like a PC, Windows 8 Pro",
        "Name": "PC Power Station",
        "PictureUrl": "img/HT-1210.jpg",
        "Status": "A",
        "Price": "2399",
        "DimensionWidth": "28",
        "DimensionDepth": "31",
        "DimensionHeight": "43",
        "Unit": "cm",
        "CurrencyCode": "EUR"
    },
    {
        "ProductId": "HT-1500",
        "Category": "SV",
        "MainCategory": "Computer Systems",
        "SupplierName": "Technocom",
        "Weight": "18",
        "WeightUnit": "KG",
        "ShortDescription": "Dual socket, quad-core processing server with 1333 MHz Front Side Bus with 10Gb connectivity",
        "Name": "Server Basic",
        "PictureUrl": "img/HT-1500.jpg",
        "Status": "A",
        "Price": "5000",
        "DimensionWidth": "34",
        "DimensionDepth": "35",
        "DimensionHeight": "23",
        "Unit": "cm",
        "CurrencyCode": "EUR"
    },
    {
        "ProductId": "HT-1501",
        "Category": "SV",
        "MainCategory": "Computer Systems",
        "SupplierName": "Technocom",
        "Weight": "25",
        "WeightUnit": "KG",
        "ShortDescription": "Dual socket, quad-core processing server with 1644 MHz Front Side Bus with 10Gb connectivity",
        "Name": "Server Professional",
        "PictureUrl": "img/HT-1501.jpg",
        "Status": "O",
        "Price": "15000",
        "DimensionWidth": "29",
        "DimensionDepth": "30",
        "DimensionHeight": "27",
        "Unit": "cm",
        "CurrencyCode": "EUR"
    },
    {
        "ProductId": "HT-1502",
        "Category": "SV",
        "MainCategory": "Computer Systems",
        "SupplierName": "Technocom",
        "Weight": "35",
        "WeightUnit": "KG",
        "ShortDescription": "Dual socket, quad-core processing server with 1644 MHz Front Side Bus with 100Gb connectivity",
        "Name": "Server Power Pro",
        "PictureUrl": "img/HT-1502.jpg",
        "Status": "A",
        "Price": "25000",
        "DimensionWidth": "22",
        "DimensionDepth": "27.3",
        "DimensionHeight": "37",
        "Unit": "cm",
        "CurrencyCode": "EUR"
    },
    {
        "ProductId": "HT-6130",
        "Category": "FST",
        "MainCategory": "TV, Video & HiFi",
        "SupplierName": "Very Best Screens",
        "Weight": "2.6",
        "WeightUnit": "KG",
        "ShortDescription": "32-inch, 1366x768 Pixel, 16:9, HDTV ready",
        "Name": "Flat Watch HD32",
        "PictureUrl": "img/HT-6130.jpg",
        "Status": "A",
        "Price": "1459",
        "DimensionWidth": "78",
        "DimensionDepth": "22.1",
        "DimensionHeight": "55",
        "Unit": "cm",
        "CurrencyCode": "EUR"
    },
    {
        "ProductId": "HT-6131",
        "Category": "FST",
        "MainCategory": "TV, Video & HiFi",
        "SupplierName": "Very Best Screens",
        "Weight": "2.2",
        "WeightUnit": "KG",
        "ShortDescription": "37-inch, 1366x768 Pixel, 16:9, HDTV ready",
        "Name": "Flat Watch HD37",
        "PictureUrl": "img/HT-6131.jpg",
        "Status": "A",
        "Price": "1199",
        "DimensionWidth": "99.1",
        "DimensionDepth": "26",
        "DimensionHeight": "61",
        "Unit": "cm",
        "CurrencyCode": "EUR"
    },
    {
        "ProductId": "HT-6132",
        "Category": "FST",
        "MainCategory": "TV, Video & HiFi",
        "SupplierName": "Very Best Screens",
        "Weight": "1.8",
        "WeightUnit": "KG",
        "ShortDescription": "41-inch, 1366x768 Pixel, 16:9, HDTV ready",
        "Name": "Flat Watch HD41",
        "PictureUrl": "img/HT-6132.jpg",
        "Status": "A",
        "Price": "899",
        "DimensionWidth": "128",
        "DimensionDepth": "23",
        "DimensionHeight": "79.1",
        "Unit": "cm",
        "CurrencyCode": "EUR"
    },
    {
        "ProductId": "HT-7030",
        "Category": "AC",
        "MainCategory": "Computer Components",
        "SupplierName": "Fasttech",
        "Weight": "0.5",
        "WeightUnit": "KG",
        "ShortDescription": "Our new multifunctional Handheld with phone function in platinum",
        "Name": "Platinberry",
        "PictureUrl": "img/HT-7030.jpg",
        "Status": "D",
        "Price": "549",
        "DimensionWidth": "8.1",
        "DimensionDepth": "13",
        "DimensionHeight": "12.1",
        "Unit": "cm",
        "CurrencyCode": "EUR"
    },
    {
        "ProductId": "HT-7020",
        "Category": "AC",
        "MainCategory": "Computer Components",
        "SupplierName": "Fasttech",
        "Weight": "0.5",
        "WeightUnit": "KG",
        "ShortDescription": "Our new multifunctional Handheld with phone function in gold",
        "Name": "Goldberry",
        "PictureUrl": "img/HT-7020.jpg",
        "Status": "A",
        "Price": "549",
        "DimensionWidth": "8.1",
        "DimensionDepth": "13",
        "DimensionHeight": "12.1",
        "Unit": "cm",
        "CurrencyCode": "EUR"
    },
    {
        "ProductId": "HT-7010",
        "Category": "AC",
        "MainCategory": "Computer Components",
        "SupplierName": "Fasttech",
        "Weight": "0.5",
        "WeightUnit": "KG",
        "ShortDescription": "Our new multifunctional Handheld with phone function in silver",
        "Name": "Silverberry",
        "PictureUrl": "img/HT-7010.jpg",
        "Status": "A",
        "Price": "549",
        "DimensionWidth": "8.1",
        "DimensionDepth": "13",
        "DimensionHeight": "12.1",
        "Unit": "cm",
        "CurrencyCode": "EUR"
    },
    {
        "ProductId": "HT-7000",
        "Category": "AC",
        "MainCategory": "Computer Components",
        "SupplierName": "Fasttech",
        "Weight": "0.5",
        "WeightUnit": "KG",
        "ShortDescription": "Our new multifunctional Handheld with phone function in copper",
        "Name": "Copperberry",
        "PictureUrl": "img/HT-7000.jpg",
        "Status": "A",
        "Price": "549",
        "DimensionWidth": "8.1",
        "DimensionDepth": "13",
        "DimensionHeight": "12.1",
        "Unit": "cm",
        "CurrencyCode": "EUR"
    },
    {
        "ProductId": "HT-1095",
        "Category": "AC",
        "MainCategory": "Computer Components",
        "SupplierName": "Fasttech",
        "Weight": "80",
        "WeightUnit": "G",
        "ShortDescription": "5.1 Headset, 40 Hz-20 kHz, Wireless",
        "Name": "Lovely Sound 5.1 Wireless",
        "PictureUrl": "img/HT-1095.jpg",
        "Status": "A",
        "Price": "49",
        "DimensionWidth": "24",
        "DimensionDepth": "19",
        "DimensionHeight": "23",
        "Unit": "cm",
        "CurrencyCode": "EUR"
    },
    {
        "ProductId": "HT-1096",
        "Category": "AC",
        "MainCategory": "Computer Components",
        "SupplierName": "Fasttech",
        "Weight": "130",
        "WeightUnit": "G",
        "ShortDescription": "5.1 Headset, 40 Hz-20 kHz, 3m cable",
        "Name": "Lovely Sound 5.1",
        "PictureUrl": "img/HT-1096.jpg",
        "Status": "A",
        "Price": "39",
        "DimensionWidth": "25",
        "DimensionDepth": "17",
        "DimensionHeight": "19",
        "Unit": "cm",
        "CurrencyCode": "EUR"
    },
    {
        "ProductId": "HT-1097",
        "Category": "AC",
        "MainCategory": "Computer Components",
        "SupplierName": "Fasttech",
        "Weight": "60",
        "WeightUnit": "G",
        "ShortDescription": "5.1 Headset, 40 Hz-20 kHz, 1m cable",
        "Name": "Lovely Sound Stereo",
        "PictureUrl": "img/HT-1097.jpg",
        "Status": "A",
        "Price": "29",
        "DimensionWidth": "21.3",
        "DimensionDepth": "2.4",
        "DimensionHeight": "19.7",
        "Unit": "cm",
        "CurrencyCode": "EUR"
    },
    {
        "ProductId": "HT-6123",
        "Category": "AC",
        "MainCategory": "TV, Video & HiFi",
        "SupplierName": "Fasttech",
        "Weight": "267",
        "WeightUnit": "G",
        "ShortDescription": "MP3-Player with 80 GB SSD and Color Display, can play movies",
        "Name": "Power Pro Player 80",
        "PictureUrl": "img/HT-6123.jpg",
        "Status": "A",
        "Price": "299",
        "DimensionWidth": "4",
        "DimensionDepth": "6",
        "DimensionHeight": "0.8",
        "Unit": "cm",
        "CurrencyCode": "EUR"
    },
    {
        "ProductId": "HT-6122",
        "Category": "AC",
        "MainCategory": "TV, Video & HiFi",
        "SupplierName": "Fasttech",
        "Weight": "266",
        "WeightUnit": "G",
        "ShortDescription": "MP3-Player with 40 GB HDD and Color Display, can play movies",
        "Name": "Power Pro Player 40",
        "PictureUrl": "img/HT-6122.jpg",
        "Status": "A",
        "Price": "167",
        "DimensionWidth": "5.1",
        "DimensionDepth": "8",
        "DimensionHeight": "9.2",
        "Unit": "cm",
        "CurrencyCode": "EUR"
    },
    {
        "ProductId": "HT-6121",
        "Category": "AC",
        "MainCategory": "TV, Video & HiFi",
        "SupplierName": "Fasttech",
        "Weight": "134",
        "WeightUnit": "G",
        "ShortDescription": "ITelo Jog-Mate 64 GB HDD and Color Display, can play movies",
        "Name": "ITelo Jog-Mate",
        "PictureUrl": "img/HT-6121.jpg",
        "Status": "A",
        "Price": "63",
        "DimensionWidth": "5.1",
        "DimensionDepth": "8",
        "DimensionHeight": "9.2",
        "Unit": "cm",
        "CurrencyCode": "EUR"
    },
    {
        "ProductId": "HT-6120",
        "Category": "AC",
        "MainCategory": "TV, Video & HiFi",
        "SupplierName": "Fasttech",
        "Weight": "134",
        "WeightUnit": "G",
        "ShortDescription": "64 GB USB Music-on-a-Stick",
        "Name": "ITelo MusicStick",
        "PictureUrl": "img/HT-6120.jpg",
        "Status": "A",
        "Price": "45",
        "DimensionWidth": "1.5",
        "DimensionDepth": "6",
        "DimensionHeight": "1",
        "Unit": "cm",
        "CurrencyCode": "EUR"
    },
    {
        "ProductId": "HT-6111",
        "Category": "AC",
        "MainCategory": "TV, Video & HiFi",
        "SupplierName": "Fasttech",
        "Weight": "3.1",
        "WeightUnit": "KG",
        "ShortDescription": "160 GB HDD, CD-RW, DVD+R/RW, DVD-R/RW, MPEG 2 (Video-DVD), MPEG 4, VCD, SVCD, DivX, Xvid",
        "Name": "Record Movie",
        "PictureUrl": "img/HT-6111.jpg",
        "Status": "O",
        "Price": "288",
        "DimensionWidth": "38",
        "DimensionDepth": "26",
        "DimensionHeight": "6.2",
        "Unit": "cm",
        "CurrencyCode": "EUR"
    },
    {
        "ProductId": "HT-6110",
        "Category": "AC",
        "MainCategory": "TV, Video & HiFi",
        "SupplierName": "Fasttech",
        "Weight": "2.4",
        "WeightUnit": "KG",
        "ShortDescription": "CD-RW, DVD+R/RW, DVD-R/RW, MPEG 2 (Video-DVD), MPEG 4, VCD, SVCD, DivX, Xvid",
        "Name": "Play Movie",
        "PictureUrl": "img/HT-6110.jpg",
        "Status": "O",
        "Price": "130",
        "DimensionWidth": "37",
        "DimensionDepth": "24",
        "DimensionHeight": "6",
        "Unit": "cm",
        "CurrencyCode": "EUR"
    },
    {
        "ProductId": "HT-6102",
        "Category": "AC",
        "MainCategory": "TV, Video & HiFi",
        "SupplierName": "Technocom",
        "Weight": "2.5",
        "WeightUnit": "KG",
        "ShortDescription": "1080p, DLP max. 12,3 Meter, 3D-ready",
        "Name": "Beam Breaker B-3",
        "PictureUrl": "img/HT-6102.jpg",
        "Status": "A",
        "Price": "889",
        "DimensionWidth": "30.4",
        "DimensionDepth": "23.1",
        "DimensionHeight": "23",
        "Unit": "cm",
        "CurrencyCode": "EUR"
    },
    {
        "ProductId": "HT-6101",
        "Category": "AC",
        "MainCategory": "TV, Video & HiFi",
        "SupplierName": "Technocom",
        "Weight": "2",
        "WeightUnit": "KG",
        "ShortDescription": "1080p, DLP max.9,34 Meter, 2D-ready",
        "Name": "Beam Breaker B-2",
        "PictureUrl": "img/HT-6101.jpg",
        "Status": "A",
        "Price": "679",
        "DimensionWidth": "30.4",
        "DimensionDepth": "23.1",
        "DimensionHeight": "23",
        "Unit": "cm",
        "CurrencyCode": "EUR"
    },
    {
        "ProductId": "HT-2002",
        "Category": "AC",
        "MainCategory": "TV, Video & HiFi",
        "SupplierName": "Technocom",
        "Weight": "0.72",
        "WeightUnit": "KG",
        "ShortDescription": "9\" LCD Screen, storage holds up to 8 hours, 2 speakers included",
        "Name": "Portable DVD Player with 9\" LCD Monitor",
        "PictureUrl": "img/HT-2002.jpg",
        "Status": "D",
        "Price": "853.99",
        "DimensionWidth": "21",
        "DimensionDepth": "16.5",
        "DimensionHeight": "14",
        "Unit": "cm",
        "CurrencyCode": "EUR"
    },
    {
        "ProductId": "HT-6100",
        "Category": "AC",
        "MainCategory": "TV, Video & HiFi",
        "SupplierName": "Titanium",
        "Weight": "1.7",
        "WeightUnit": "KG",
        "ShortDescription": "720p, DLP Projector max. 8,45 Meter, 2D",
        "Name": "Beam Breaker B-1",
        "PictureUrl": "img/HT-6100.jpg",
        "Status": "O",
        "Price": "469",
        "DimensionWidth": "30.4",
        "DimensionDepth": "23.1",
        "DimensionHeight": "23",
        "Unit": "cm",
        "CurrencyCode": "EUR"
    },
    {
        "ProductId": "HT-2027",
        "Category": "AC",
        "MainCategory": "Computer Systems",
        "SupplierName": "Titanium",
        "Weight": "0.15",
        "WeightUnit": "KG",
        "ShortDescription": "Removable jewel case labels, zero residues (100)",
        "Name": "Removable CD/DVD Laser Labels",
        "PictureUrl": "img/HT-2027.jpg",
        "Status": "A",
        "Price": "8.99",
        "DimensionWidth": "5.5",
        "DimensionDepth": "2",
        "DimensionHeight": "2",
        "Unit": "cm",
        "CurrencyCode": "EUR"
    },
    {
        "ProductId": "HT-2026",
        "Category": "AC",
        "MainCategory": "Computer Systems",
        "SupplierName": "Titanium",
        "Weight": "0.2",
        "WeightUnit": "KG",
        "ShortDescription": "Quality cables for notebooks and projectors",
        "Name": "Audio/Video Cable Kit - 4m",
        "PictureUrl": "img/HT-2026.jpg",
        "Status": "D",
        "Price": "29.99",
        "DimensionWidth": "21",
        "DimensionDepth": "10.2",
        "DimensionHeight": "13",
        "Unit": "cm",
        "CurrencyCode": "EUR"
    },
    {
        "ProductId": "HT-2025",
        "Category": "AC",
        "MainCategory": "Computer Systems",
        "SupplierName": "Titanium",
        "Weight": "0.65",
        "WeightUnit": "KG",
        "ShortDescription": "Organizer and protective case for 264 CDs and DVDs",
        "Name": "CD/DVD case: 264 sleeves",
        "PictureUrl": "img/HT-2025.jpg",
        "Status": "A",
        "Price": "44.99",
        "DimensionWidth": "13",
        "DimensionDepth": "13",
        "DimensionHeight": "20",
        "Unit": "cm",
        "CurrencyCode": "EUR"
    },
    {
        "ProductId": "HT-2001",
        "Category": "AC",
        "MainCategory": "TV, Video & HiFi",
        "SupplierName": "Titanium",
        "Weight": "0.84",
        "WeightUnit": "KG",
        "ShortDescription": "10\" LCD Screen, storage battery holds up to 8 hours",
        "Name": "10\" Portable DVD player",
        "PictureUrl": "img/HT-2001.jpg",
        "Status": "A",
        "Price": "449.99",
        "DimensionWidth": "24",
        "DimensionDepth": "19.5",
        "DimensionHeight": "29",
        "Unit": "cm",
        "CurrencyCode": "EUR"
    },
    {
        "ProductId": "HT-2000",
        "Category": "AC",
        "MainCategory": "TV, Video & HiFi",
        "SupplierName": "Titanium",
        "Weight": "0.79",
        "WeightUnit": "KG",
        "ShortDescription": "7\" LCD Screen, storage battery holds up to 6 hours!",
        "Name": "7\" Widescreen Portable DVD Player w MP3",
        "PictureUrl": "img/HT-2000.jpg",
        "Status": "O",
        "Price": "249.99",
        "DimensionWidth": "21.4",
        "DimensionDepth": "19",
        "DimensionHeight": "27.6",
        "Unit": "cm",
        "CurrencyCode": "EUR"
    },
    {
        "ProductId": "HT-1603",
        "Category": "DC",
        "MainCategory": "Computer Systems",
        "SupplierName": "Titanium",
        "Weight": "6.8",
        "WeightUnit": "KG",
        "ShortDescription": "3,4 Ghz quad core, 16 GB DDR3 SDRAM, 4000 GB Hard Disc, Graphic Card: Hurricane GX, Windows 8",
        "Name": "Gaming Monster Pro",
        "PictureUrl": "img/HT-1603.jpg",
        "Status": "A",
        "Price": "1700",
        "DimensionWidth": "27",
        "DimensionDepth": "28",
        "DimensionHeight": "42",
        "Unit": "cm",
        "CurrencyCode": "EUR"
    },
    {
        "ProductId": "HT-1602",
        "Category": "DC",
        "MainCategory": "Computer Systems",
        "SupplierName": "Titanium",
        "Weight": "5.9",
        "WeightUnit": "KG",
        "ShortDescription": "3,4 Ghz quad core, 8 GB DDR3 SDRAM, 2000 GB Hard Disc, Graphic Card: Gladiator MX, Windows 8",
        "Name": "Gaming Monster",
        "PictureUrl": "img/HT-1602.jpg",
        "Status": "A",
        "Price": "1200",
        "DimensionWidth": "26.5",
        "DimensionDepth": "34",
        "DimensionHeight": "47",
        "Unit": "cm",
        "CurrencyCode": "EUR"
    },
    {
        "ProductId": "HT-1601",
        "Category": "DC",
        "MainCategory": "Computer Systems",
        "SupplierName": "Titanium",
        "Weight": "5.3",
        "WeightUnit": "KG",
        "ShortDescription": "2,8 Ghz dual core, 4 GB DDR3 SDRAM, 1000 GB Hard Disc, Graphic Card: Gladiator MX, Windows 8",
        "Name": "Family PC Pro",
        "PictureUrl": "img/HT-1601.jpg",
        "Status": "A",
        "Price": "900",
        "DimensionWidth": "25",
        "DimensionDepth": "31.7",
        "DimensionHeight": "40.2",
        "Unit": "cm",
        "CurrencyCode": "EUR"
    },
    {
        "ProductId": "HT-1600",
        "Category": "DC",
        "MainCategory": "Computer Systems",
        "SupplierName": "Titanium",
        "Weight": "4.8",
        "WeightUnit": "KG",
        "ShortDescription": "2,8 Ghz dual core, 4 GB DDR3 SDRAM, 500 GB Hard Disc, Graphic Card: Proctra X, Windows 8",
        "Name": "Family PC Basic",
        "PictureUrl": "img/HT-1600.jpg",
        "Status": "O",
        "Price": "600",
        "DimensionWidth": "21.4",
        "DimensionDepth": "29",
        "DimensionHeight": "38",
        "Unit": "cm",
        "CurrencyCode": "EUR"
    },
    {
        "ProductId": "HT-1119",
        "Category": "AC",
        "MainCategory": "Computer Systems",
        "SupplierName": "Titanium",
        "Weight": "88",
        "WeightUnit": "G",
        "ShortDescription": "Universal Travel Adapter",
        "Name": "Travel Adapter",
        "PictureUrl": "img/HT-1119.jpg",
        "Status": "A",
        "Price": "79",
        "DimensionWidth": "2",
        "DimensionDepth": "3.1",
        "DimensionHeight": "3.9",
        "Unit": "cm",
        "CurrencyCode": "EUR"
    },
    {
        "ProductId": "HT-8000",
        "Category": "LT",
        "MainCategory": "Computer Systems",
        "SupplierName": "Titanium",
        "Weight": "4",
        "WeightUnit": "KG",
        "ShortDescription": "Notebook with 2,80 GHz dual core, 4 GB DDR3 SDRAM, 500 GB Hard Disc, Windows 8",
        "Name": "ITelO FlexTop I4000",
        "PictureUrl": "img/HT-8000.jpg",
        "Status": "A",
        "Price": "799",
        "DimensionWidth": "31",
        "DimensionDepth": "19",
        "DimensionHeight": "3.1",
        "Unit": "cm",
        "CurrencyCode": "EUR"
    },
    {
        "ProductId": "HT-8001",
        "Category": "LT",
        "MainCategory": "Computer Systems",
        "SupplierName": "Titanium",
        "Weight": "4.2",
        "WeightUnit": "KG",
        "ShortDescription": "Notebook with 2,80 GHz dual core, 8 GB DDR3 SDRAM, 500 GB Hard Disc, Windows 8",
        "Name": "ITelO FlexTop I6300c",
        "PictureUrl": "img/HT-8001.jpg",
        "Status": "A",
        "Price": "799",
        "DimensionWidth": "32",
        "DimensionDepth": "20",
        "DimensionHeight": "3.4",
        "Unit": "cm",
        "CurrencyCode": "EUR"
    },
    {
        "ProductId": "HT-8002",
        "Category": "LT",
        "MainCategory": "Computer Systems",
        "SupplierName": "Titanium",
        "Weight": "3.5",
        "WeightUnit": "KG",
        "ShortDescription": "Notebook with 2,80 GHz quad core, 4 GB DDR3 SDRAM, 1000 GB Hard Disc, Windows 8",
        "Name": "ITelO FlexTop I9100",
        "PictureUrl": "img/HT-8002.jpg",
        "Status": "A",
        "Price": "1199",
        "DimensionWidth": "38",
        "DimensionDepth": "21",
        "DimensionHeight": "4.1",
        "Unit": "cm",
        "CurrencyCode": "EUR"
    },
    {
        "ProductId": "HT-8003",
        "Category": "LT",
        "MainCategory": "Computer Systems",
        "SupplierName": "Titanium",
        "Weight": "3.8",
        "WeightUnit": "KG",
        "ShortDescription": "Notebook with 2,80 GHz quad core, 8 GB DDR3 SDRAM, 1000 GB Hard Disc, Windows 8",
        "Name": "ITelO FlexTop I9800",
        "PictureUrl": "img/HT-8003.jpg",
        "Status": "A",
        "Price": "1388",
        "DimensionWidth": "48",
        "DimensionDepth": "31",
        "DimensionHeight": "4.5",
        "Unit": "cm",
        "CurrencyCode": "EUR"
    },
    {
        "ProductId": "PF-1000",
        "Category": "AC",
        "MainCategory": "Computer Systems",
        "SupplierName": "Titanium",
        "Weight": "0.01",
        "WeightUnit": "KG",
        "ShortDescription": "Flyer for our product palette",
        "Name": "Flyer",
        "PictureUrl": "img/PF-1000.jpg",
        "Status": "A",
        "Price": "0",
        "DimensionWidth": "46",
        "DimensionDepth": "30",
        "DimensionHeight": "3",
        "Unit": "cm",
        "CurrencyCode": "EUR"
    },
    {
        "ProductId": "HT-9999",
        "Category": "ST",
        "MainCategory": "Smartphones & Tablets",
        "SupplierName": "Titanium",
        "Weight": "3.8",
        "WeightUnit": "KG",
        "ShortDescription": "10.1-inch Multitouch HD Screen (1280 x 800), 16GB Internal Memory, Wireless N Wi-Fi; Bluetooth, GPS Enabled, 1GHz Dual-Core Processor",
        "Name": "Maxi Tablet",
        "PictureUrl": "img/HT-9999.jpg",
        "Status": "A",
        "Price": "749",
        "DimensionWidth": "48",
        "DimensionDepth": "31",
        "DimensionHeight": "4.5",
        "Unit": "cm",
        "CurrencyCode": "EUR"
    },
    {
        "ProductId": "HT-9998",
        "Category": "ST",
        "MainCategory": "Smartphones & Tablets",
        "SupplierName": "Titanium",
        "Weight": "0.75",
        "WeightUnit": "KG",
        "ShortDescription": "5 Megapixel Camera, Wi-Fi 802.11 b/g/n, Bluetooth, GPS A-GPS support",
        "Name": "Smartphone Beta",
        "PictureUrl": "img/HT-9998.jpg",
        "Status": "A",
        "Price": "699",
        "DimensionWidth": "48",
        "DimensionDepth": "31",
        "DimensionHeight": "4.5",
        "Unit": "cm",
        "CurrencyCode": "EUR"
    },
    {
        "ProductId": "HT-9997",
        "Category": "ST",
        "MainCategory": "Smartphones & Tablets",
        "SupplierName": "Titanium",
        "Weight": "3.8",
        "WeightUnit": "KG",
        "ShortDescription": "6-Inch E Ink Screen, Access To e-book Store, Adjustable Font Styles and Sizes, Stores Up To 1,000 Books",
        "Name": "e-Book Reader ReadMe",
        "PictureUrl": "img/HT-9997.jpg",
        "Status": "A",
        "Price": "633",
        "DimensionWidth": "48",
        "DimensionDepth": "31",
        "DimensionHeight": "4.5",
        "Unit": "cm",
        "CurrencyCode": "EUR"
    },
    {
        "ProductId": "HT-9996",
        "Category": "AC",
        "MainCategory": "Smartphones & Tablets",
        "SupplierName": "Titanium",
        "Weight": "0.03",
        "WeightUnit": "KG",
        "ShortDescription": "Stylish tablet pouch, protects from scratches, color: black",
        "Name": "Tablet Pouch",
        "PictureUrl": "img/HT-9996.jpg",
        "Status": "A",
        "Price": "20",
        "DimensionWidth": "25",
        "DimensionDepth": "40",
        "DimensionHeight": "4.5",
        "Unit": "cm",
        "CurrencyCode": "EUR"
    },
    {
        "ProductId": "HT-9995",
        "Category": "AC",
        "MainCategory": "Smartphones & Tablets",
        "SupplierName": "Titanium",
        "Weight": "0.02",
        "WeightUnit": "KG",
        "ShortDescription": "Durable high quality plastic bump-sleeve, lightweight, protects from scratches, rubber coating, multiple colors available, Accurate design and cut-outs for your device, snap-on design",
        "Name": "Smartphone Cover",
        "PictureUrl": "img/HT-9995.jpg",
        "Status": "A",
        "Price": "15",
        "DimensionWidth": "48",
        "DimensionDepth": "31",
        "DimensionHeight": "4.5",
        "Unit": "cm",
        "CurrencyCode": "EUR"
    },
    {
        "ProductId": "HT-9994",
        "Category": "AC",
        "MainCategory": "TV, Video & HiFi",
        "SupplierName": "Ultrasonic United",
        "Weight": "3.8",
        "WeightUnit": "KG",
        "ShortDescription": "1920x1080 Full HD, image stabilization reduces blur, 27x Optical / 32x Extended Zoom, wide angle Lens, 2.7\" wide LCD display",
        "Name": "Camcorder View",
        "PictureUrl": "img/HT-9994.jpg",
        "Status": "A",
        "Price": "1388",
        "DimensionWidth": "48",
        "DimensionDepth": "31",
        "DimensionHeight": "27",
        "Unit": "cm",
        "CurrencyCode": "EUR"
    },
    {
        "ProductId": "HT-9993",
        "Category": "ST",
        "MainCategory": "Smartphones & Tablets",
        "SupplierName": "Ultrasonic United",
        "Weight": "3.8",
        "WeightUnit": "KG",
        "ShortDescription": "7 inch 1280x800 HD display (216 ppi), Quad-core processor, 16 GB internal storage, 4325 mAh battery (Up to 8 hours of active use)",
        "Name": "Mini Tablet",
        "PictureUrl": "img/HT-9993.jpg",
        "Status": "A",
        "Price": "833",
        "DimensionWidth": "48",
        "DimensionDepth": "31",
        "DimensionHeight": "4.5",
        "Unit": "cm",
        "CurrencyCode": "EUR"
    },
    {
        "ProductId": "HT-9992",
        "Category": "ST",
        "MainCategory": "Smartphones & Tablets",
        "SupplierName": "Ultrasonic United",
        "Weight": "0.75",
        "WeightUnit": "KG",
        "ShortDescription": "7 inch 1280x800 HD display (216 ppi), Quad-core processor, 16 GB internal storage (actual formatted capacity will be less), 4325 mAh battery (Up to 8 hours of active use), white or black",
        "Name": "Smartphone Alpha",
        "PictureUrl": "img/HT-9992.jpg",
        "Status": "A",
        "Price": "599",
        "DimensionWidth": "48",
        "DimensionDepth": "31",
        "DimensionHeight": "4.5",
        "Unit": "cm",
        "CurrencyCode": "EUR"
    },
    {
        "ProductId": "HT-9991",
        "Category": "AC",
        "MainCategory": "Smartphones & Tablets",
        "SupplierName": "Ultrasonic United",
        "Weight": "0.02",
        "WeightUnit": "KG",
        "ShortDescription": "Button Clasp, Quality Material, 100% Leather, compatible with many smartphone models",
        "Name": "Smartphone Leather Case",
        "PictureUrl": "img/HT-9991.jpg",
        "Status": "A",
        "Price": "25",
        "DimensionWidth": "48",
        "DimensionDepth": "31",
        "DimensionHeight": "4.5",
        "Unit": "cm",
        "CurrencyCode": "EUR"
    },
    {
        "ProductId": "HT-1251",
        "Category": "LT",
        "MainCategory": "Computer Systems",
        "SupplierName": "Ultrasonic United",
        "Weight": "4.2",
        "WeightUnit": "KG",
        "ShortDescription": "Flexible Laptop with 2,5 GHz Quad Core, 15\" HD TN, 16 GB DDR SDRAM, 256 GB SSD, Windows 10 Pro",
        "Name": "Astro Laptop 1516",
        "PictureUrl": "img/HT-.jpg",
        "Status": "A",
        "Price": "989",
        "DimensionWidth": "30",
        "DimensionDepth": "18",
        "DimensionHeight": "3",
        "Unit": "cm",
        "CurrencyCode": "EUR"
    },
    {
        "ProductId": "HT-1252",
        "Category": "ST",
        "MainCategory": "Smartphones & Tablets",
        "SupplierName": "Ultrasonic United",
        "Weight": "0.75",
        "WeightUnit": "KG",
        "ShortDescription": "6 inch 1280x800 HD display (216 ppi), Quad-core processor, 8 GB internal storage (actual formatted capacity will be less), 3050 mAh battery (Up to 8 hours of active use), grey or black",
        "Name": "Astro Phone 6",
        "PictureUrl": "img/HT-1252.jpg",
        "Status": "A",
        "Price": "649",
        "DimensionWidth": "8",
        "DimensionDepth": "6",
        "DimensionHeight": "1.5",
        "Unit": "cm",
        "CurrencyCode": "EUR"
    },
    {
        "ProductId": "HT-1253",
        "Category": "LT",
        "MainCategory": "Computer Systems",
        "SupplierName": "Ultrasonic United",
        "Weight": "4.2",
        "WeightUnit": "KG",
        "ShortDescription": "Flexible Laptop with 2,5 GHz Dual Core, 14\" HD+ TN, 8 GB DDR SDRAM, 324 GB SSD, Windows 10 Pro",
        "Name": "Benda Laptop 1408",
        "PictureUrl": "img/HT-1253.jpg",
        "Status": "A",
        "Price": "976",
        "DimensionWidth": "30",
        "DimensionDepth": "18",
        "DimensionHeight": "3",
        "Unit": "cm",
        "CurrencyCode": "EUR"
    },
    {
        "ProductId": "HT-1254",
        "Category": "FS",
        "MainCategory": "Computer Components",
        "SupplierName": "Ultrasonic United",
        "Weight": "15",
        "WeightUnit": "KG",
        "ShortDescription": "Optimum Hi-Resolution Widescreen max. 1920 x 1080 @ 85Hz, Dot Pitch: 0.27mm, HDMI, D-Sub",
        "Name": "Bending Screen 21HD",
        "PictureUrl": "img/HT-1254.jpg",
        "Status": "A",
        "Price": "250",
        "DimensionWidth": "37",
        "DimensionDepth": "12",
        "DimensionHeight": "36",
        "Unit": "cm",
        "CurrencyCode": "EUR"
    },
    {
        "ProductId": "HT-1255",
        "Category": "FS",
        "MainCategory": "Computer Components",
        "SupplierName": "Ultrasonic United",
        "Weight": "16",
        "WeightUnit": "KG",
        "ShortDescription": "Optimum Hi-Resolution Widescreen max. 2048 x 1080 @ 85Hz, Dot Pitch: 0.27mm, HDMI, D-Sub",
        "Name": "Broad Screen 22HD",
        "PictureUrl": "img/HT-1255.jpg",
        "Status": "O",
        "Price": "270",
        "DimensionWidth": "39",
        "DimensionDepth": "12",
        "DimensionHeight": "38",
        "Unit": "cm",
        "CurrencyCode": "EUR"
    },
    {
        "ProductId": "HT-1256",
        "Category": "ST",
        "MainCategory": "Smartphones & Tablets",
        "SupplierName": "Ultrasonic United",
        "Weight": "0.75",
        "WeightUnit": "KG",
        "ShortDescription": "7 inch 1280x800 HD display (216 ppi), Quad-core processor, 16 GB internal storage (actual formatted capacity will be less), 4325 mAh battery (Up to 8 hours of active use), white or black",
        "Name": "Cerdik Phone 7",
        "PictureUrl": "img/HT-1256.jpg",
        "Status": "A",
        "Price": "549",
        "DimensionWidth": "9",
        "DimensionDepth": "15",
        "DimensionHeight": "1.5",
        "Unit": "cm",
        "CurrencyCode": "EUR"
    },
    {
        "ProductId": "HT-1257",
        "Category": "ST",
        "MainCategory": "Smartphones & Tablets",
        "SupplierName": "Ultrasonic United",
        "Weight": "2.8",
        "WeightUnit": "KG",
        "ShortDescription": "10.5-inch Multitouch HD Screen (1280 x 800), 16GB Internal Memory, Wireless N Wi-Fi; Bluetooth, GPS Enabled, 1GHz Dual-Core Processor",
        "Name": "Cepat Tablet 10.5",
        "PictureUrl": "img/HT-1257.jpg",
        "Status": "A",
        "Price": "549",
        "DimensionWidth": "48",
        "DimensionDepth": "31",
        "DimensionHeight": "4.5",
        "Unit": "cm",
        "CurrencyCode": "EUR"
    },
    {
        "ProductId": "HT-1258",
        "Category": "ST",
        "MainCategory": "Smartphones & Tablets",
        "SupplierName": "Ultrasonic United",
        "Weight": "2.5",
        "WeightUnit": "KG",
        "ShortDescription": "8-inch Multitouch HD Screen (2000 x 1500) 32GB Internal Memory, Wireless N Wi-Fi, Bluetooth, GPS Enabled, 1.5 GHz Quad-Core Processor",
        "Name": "Cepat Tablet 8",
        "PictureUrl": "img/HT-1258.jpg",
        "Status": "A",
        "Price": "529",
        "DimensionWidth": "38",
        "DimensionDepth": "21",
        "DimensionHeight": "3.5",
        "Unit": "cm",
        "CurrencyCode": "EUR"
    }
]